,Date,Ngene_norm,Ngene,NgeneUCI,NgeneLCI,PMMoV,PMMoV UCI,PMMoV LCI,Ngene_norm_int,positives,Testing,City,pos_rate,positives_raw
0,2021-12-01,5.460935246214885e-06,12610.141532530117,17038.33575582329,7223.060810281124,2309154195.02008,2358494329.317269,2260664533.333333,5.460935246214885e-06,1.0,2820.0,UCDavis,0.0003546099290780142,1.0
1,2021-12-02,7.480181402388465e-06,5587.900358986356,7157.804438206626,4244.851786978557,747027385.8869395,778228843.0409356,714038609.5906433,7.480181402388465e-06,8.0,5489.0,UCDavis,0.0014574603752960467,8.0
2,2021-12-03,5.162079289593722e-06,5076.23055630363,7099.800770957096,2921.101087260726,983369350.1254128,1017208288.2112212,951795440.7920792,5.162079289593722e-06,3.0,2847.0,UCDavis,0.001053740779768177,3.0
3,2021-12-04,7.655477078821515e-06,4593.864657964913,6570.588496842106,2582.969999719299,600075555.1438596,622145953.2350878,578154768.0561404,7.655477078821515e-06,5.0,4246.0,UCDavis,0.0011775788977861517,5.0
4,2021-12-05,9.809500587802224e-06,6338.240702666668,8864.893516,4344.836870666667,646132863.3333334,670421651.2,621073608.4000001,9.809500587802224e-06,3.0,1354.0,UCDavis,0.0022156573116691287,3.0
5,2021-12-06,5.9954681782088665e-06,3454.032739555556,6023.940509866668,876.8665127822223,576107259.1644446,586958767.3600001,564253689.1733335,5.9954681782088665e-06,0.0,1810.0,UCDavis,0.0,0.0
6,2021-12-07,,,,,,,,,2.0,3425.0,UCDavis,0.0005839416058394161,2.0
7,2021-12-08,,,,,,,,,3.0,3949.0,UCDavis,0.0007596859964547987,3.0
8,2021-12-09,,,,,,,,,1.0,2018.0,UCDavis,0.0004955401387512388,1.0
9,2021-12-10,,,,,,,,,0.0,1904.0,UCDavis,0.0,0.0
10,2021-12-11,,,,,,,,,2.0,1626.0,UCDavis,0.0012300123001230013,2.0
11,2021-12-12,,,,,,,,,0.0,757.0,UCDavis,0.0,0.0
12,2021-12-13,,,,,,,,,1.0,1411.0,UCDavis,0.0007087172218284905,1.0
13,2021-12-14,0.0,0.0,0.0,0.0,156705162.7878788,161210181.45454547,152727272.72727275,0.0,4.0,1608.0,UCDavis,0.0024875621890547263,4.0
14,2021-12-15,0.0,0.0,0.0,0.0,115953655.6408163,119903356.8435374,112108843.53741495,0.0,3.0,1653.0,UCDavis,0.0018148820326678765,3.0
15,2021-12-16,0.0,0.0,0.0,0.0,405599558.6448088,412868812.4153007,398688524.590164,0.0,1.0,1734.0,UCDavis,0.0005767012687427913,1.0
16,2021-12-17,0.0,0.0,0.0,0.0,26332152.969696976,28961580.46060606,23829465.92484849,0.0,4.0,1164.0,UCDavis,0.003436426116838488,4.0
17,2021-12-18,2.3651098696713103e-05,3112.552789873418,4971.553504135022,1782.2784810126584,131602883.64556964,136543151.66244727,126919831.2236287,2.3651098696713103e-05,4.0,1354.0,UCDavis,0.0029542097488921715,4.0
18,2021-12-19,0.0,0.0,0.0,0.0,279901772.8888889,284937060.2962964,274867954.96296304,0.0,11.0,577.0,UCDavis,0.019064124783362217,11.0
19,2021-12-20,0.0,0.0,0.0,0.0,34405565.6936937,36762533.10270271,31831720.706306312,0.0,6.0,965.0,UCDavis,0.0062176165803108805,6.0
20,2021-12-21,0.0,0.0,0.0,0.0,165607268.22988504,176378429.90344825,153090694.0321839,0.0,17.0,1650.0,UCDavis,0.010303030303030303,17.0
21,2021-12-22,0.0001079124223006,9777.777777777776,16484.848484848484,2876.767676767677,90608454.23838384,96188393.01818185,83137396.60606061,0.0001079124223006,26.0,2010.0,UCDavis,0.012935323383084577,26.0
22,2021-12-23,8.701298701298702e-05,12838.323353293415,15457.085828343314,10538.922155688624,147544910.17964074,151377245.50898203,142435129.740519,8.701298701298702e-05,28.0,1775.0,UCDavis,0.015774647887323943,28.0
23,2021-12-24,,,,,,,,,0.0,,UCDavis,,0.0
24,2021-12-25,,,,,,,,,0.0,,UCDavis,,0.0
25,2021-12-26,,,,,,,,,0.0,,UCDavis,,0.0
26,2021-12-27,,,,,,,,,17.0,1107.0,UCDavis,0.015356820234869015,17.0
27,2021-12-28,0.0001306201550387,22327.12215320911,25374.741200828157,19279.50310559006,170931677.01863354,180869565.2173913,160331262.9399586,0.0001306201550387,95.0,3471.0,UCDavis,0.027369634111207145,95.0
28,2021-12-29,0.0001831034482758,39062.06896551725,43990.80459770116,34721.83908045977,213333333.33333337,225839080.4597701,200091954.02298853,0.0001831034482758,34.0,1071.0,UCDavis,0.031746031746031744,34.0
29,2021-12-30,6.397435897435897e-05,32455.28455284553,35967.47967479676,28422.764227642285,507317073.1707318,533333333.3333334,476747967.4796749,6.397435897435897e-05,126.0,4167.0,UCDavis,0.03023758099352052,126.0
30,2021-12-31,,,,,,,,,0.0,,UCDavis,,0.0
31,2022-01-01,,,,,,,,,0.0,13.0,UCDavis,0.0,0.0
32,2022-01-02,,,,,,,,,81.0,2018.0,UCDavis,0.04013875123885035,81.0
33,2022-01-03,0.0001428211586901,22483.271375464687,24703.84138785626,20262.701363073116,157422552.6641884,165353159.85130113,149095415.11771995,0.0001428211586901,186.0,5510.0,UCDavis,0.033756805807622504,186.0
34,2022-01-04,,,,,,,,,398.0,7437.0,UCDavis,0.053516202769934115,398.0
35,2022-01-05,0.0008420025645661,220948.4586666667,234599.2979753087,207298.8125761317,262408296.55967084,273312842.5349794,251960936.5596708,0.0008420025645661,289.0,5887.0,UCDavis,0.04909121793782911,289.0
36,2022-01-06,0.002082214545701,1125284.3385806452,1166127.194666667,1087084.862451613,540426701.4193549,555381988.1290324,528166412.0430108,0.002082214545701,319.0,5535.0,UCDavis,0.05763324299909666,319.0
37,2022-01-07,0.0008059809338215,413203.26320398017,448809.7233830845,378012.62392039807,512671262.8855722,525213228.2587065,500331776.159204,0.0008059809338215,204.0,4604.0,UCDavis,0.044309296264118156,204.0
38,2022-01-08,0.000332205756544,218910.42457971015,237236.07826086963,200709.14944927537,658960358.9565219,683494457.2753625,634849968.4637682,0.000332205756544,199.0,4637.0,UCDavis,0.042915678240241534,199.0
39,2022-01-09,0.0005776248176458,392989.7253333335,422096.19710144936,365895.6445217392,680354640.8115944,702746670.4927537,657508562.6666667,0.0005776248176458,133.0,2821.0,UCDavis,0.04714640198511166,133.0
40,2022-01-10,0.0006349694161771,256563.73480459777,273481.7197241379,239647.08708045975,404056838.4367816,420459194.8505747,386886807.1724139,0.0006349694161771,117.0,3417.0,UCDavis,0.03424056189640035,117.0
41,2022-01-11,,,,,,,,,121.0,2832.0,UCDavis,0.042725988700564974,121.0
42,2022-01-12,,,,,,,,,226.0,5735.0,UCDavis,0.03940714908456844,226.0
43,2022-01-13,1.1809281483386352e-05,6296.8476608,9590.161640533335,3861.333333333334,533211751.2533334,542766967.6800001,524427652.9066666,1.1809281483386352e-05,160.0,4600.0,UCDavis,0.034782608695652174,160.0
44,2022-01-14,2.1743186275763066e-05,8670.117305435897,11903.206506666666,5692.20384,398751001.6000001,405071990.1538461,392432078.7692308,2.1743186275763066e-05,107.0,4153.0,UCDavis,0.0257645075848784,107.0
45,2022-01-15,0.0001522977223257,52153.69919012346,58383.117491358025,46384.35517037037,342445693.82716054,353699634.6666667,329559213.1358025,0.0001522977223257,91.0,3427.0,UCDavis,0.026553837175372047,91.0
46,2022-01-16,6.45311562641931e-05,6259.182505098039,9218.96801254902,3292.262847058824,96994736.6117647,100458152.627451,93879213.52156864,6.45311562641931e-05,52.0,1872.0,UCDavis,0.027777777777777776,52.0
47,2022-01-17,,,,,,,,,32.0,1907.0,UCDavis,0.016780283167278448,32.0
48,2022-01-18,8.379612676285772e-06,4470.085030845772,6807.98143840796,2741.0435438805966,533447690.6666668,564758422.2885572,504502694.0497512,8.379612676285772e-06,56.0,2042.0,UCDavis,0.02742409402546523,56.0
49,2022-01-19,4.576976514703172e-05,25437.98383589744,29845.181843223447,20946.96030476191,555781393.1135532,577786377.846154,533753380.45421255,4.576976514703172e-05,114.0,4584.0,UCDavis,0.024869109947643978,114.0
50,2022-01-20,8.934761538438525e-05,36537.97248,42770.31238564103,30943.36681025641,408941775.5897436,428189008.7384616,392253950.0307692,8.934761538438525e-05,62.0,2956.0,UCDavis,0.02097428958051421,62.0
51,2022-01-21,0.0001512589096362,54977.8913015873,64877.82796190477,44797.9478010582,363468779.68253976,380420438.5185185,346285800.80423284,0.0001512589096362,0.0,,UCDavis,,0.0
52,2022-01-22,7.470917097632657e-05,37295.87040000001,44168.24483678161,30309.24413793104,499214084.59770113,511348329.7471265,485477105.4712644,7.470917097632657e-05,0.0,,UCDavis,,0.0
53,2022-01-23,0.0001417878642658,96040.77461333336,107589.1348020513,84850.17434256412,677355393.6410257,699256873.5179487,656842823.5487181,0.0001417878642658,177.0,10771.0,UCDavis,0.016433014576176772,177.0
54,2022-01-24,9.745556104386493e-05,34201.56108444446,41738.10746666668,27606.307128888893,350945197.1555556,357146199.4666668,344746025.9555556,9.745556104386493e-05,35.0,2578.0,UCDavis,0.013576415826221877,35.0
55,2022-01-25,7.735413876433672e-05,27931.09835789474,32906.52182456141,23484.949473684217,361080852.3508773,367292785.6842106,354157805.8947369,7.735413876433672e-05,88.0,5041.0,UCDavis,0.017456853798849436,88.0
56,2022-01-26,2.08733244088218e-05,5021.857378807018,7023.748599017544,3442.4631219649123,240587329.57192984,246799937.45964915,234883733.3333333,2.08733244088218e-05,48.0,3445.0,UCDavis,0.01393323657474601,48.0
57,2022-01-27,0.0002017149625003,44467.60151111111,52208.94350000001,37616.570788888894,220447709.7777778,224689102.2222222,214986674.00000003,0.0002017149625003,49.0,3375.0,UCDavis,0.01451851851851852,49.0
58,2022-01-28,5.782651619168831e-05,41106.99523950617,44920.432716049385,37648.72197530865,710867573.3333333,720458079.9999999,699738151.6049383,5.782651619168831e-05,50.0,5473.0,UCDavis,0.00913575735428467,50.0
59,2022-01-29,3.038611519341128e-05,21862.36759873016,24511.23131428572,19119.783431111115,719485444.5714287,725454566.6031747,714288582.0952382,3.038611519341128e-05,40.0,4367.0,UCDavis,0.009159606136936112,40.0
60,2022-01-30,,,,,,,,,19.0,3381.0,UCDavis,0.005619639160011831,19.0
61,2022-01-31,1.7778205832064566e-05,4812.697258333334,7329.784955,2603.635501666667,270707702.6666666,275972429.8333333,265000820.16666663,1.7778205832064566e-05,41.0,4219.0,UCDavis,0.009717942640436123,41.0
62,2022-02-01,4.843527005283792e-05,33354.62193939394,40217.74638787879,27288.743939393946,688643253.2121212,700866005.6969697,676253717.5757577,4.843527005283792e-05,29.0,3913.0,UCDavis,0.007411193457705086,29.0
63,2022-02-02,2.836822807334736e-05,7018.3321278306885,10038.295751111113,4403.570341587302,247401145.7354498,253245810.7936508,241478184.2962964,2.836822807334736e-05,48.0,4806.0,UCDavis,0.009987515605493134,48.0
64,2022-02-03,5.030660204129734e-06,2083.228768838951,3566.5066498876404,1016.7786690636703,414106436.1947566,420968616.5093634,406581098.5468165,5.030660204129734e-06,35.0,3827.0,UCDavis,0.009145544813169584,35.0
65,2022-02-04,0.0001034749188231,43535.65409855074,52449.55808695653,34534.97264927537,420736296.2318842,428866267.5942029,412313090.8985508,0.0001034749188231,21.0,3885.0,UCDavis,0.005405405405405406,21.0
66,2022-02-05,1.960938605392749e-05,9146.572631440333,12915.601455144037,5302.231498271605,466438500.7407408,472876880.7242799,459203348.0164609,1.960938605392749e-05,19.0,3219.0,UCDavis,0.005902454178316247,19.0
67,2022-02-06,7.486684478160446e-05,30477.26505426357,36995.39243410854,24722.463404651167,407086276.2170544,412725782.8217055,401448946.2325582,7.486684478160446e-05,6.0,1354.0,UCDavis,0.004431314623338257,6.0
68,2022-02-07,2.0060505383433213e-05,21244.20305,26215.677466666664,16945.606716666665,1059006373.1666666,1076516850.8333335,1040430259.6666666,2.0060505383433213e-05,30.0,3864.0,UCDavis,0.007763975155279503,30.0
69,2022-02-08,3.70557337433478e-05,10496.010633409884,13753.005436488607,7719.369829535824,283249299.719888,289523809.52380955,275182072.82913166,3.70557337433478e-05,23.0,2513.0,UCDavis,0.00915240748109829,23.0
70,2022-02-09,5.45266569490883e-06,26769.32628338147,32958.46270699788,20265.884888477813,4909401709.40171,4964102564.102564,4854700854.700855,5.45266569490883e-06,41.0,4301.0,UCDavis,0.009532666821669379,41.0
71,2022-02-10,1.8079742789268503e-05,52595.61538696292,59000.25728977092,46777.58794842341,2909090909.090909,2933333333.333333,2884848484.848485,1.8079742789268503e-05,24.0,3511.0,UCDavis,0.006835659356308744,24.0
72,2022-02-11,4.27938152834312e-05,23303.860112240425,28040.39653978849,18720.62055688155,544561403.5087719,554385964.9122808,533333333.33333343,4.27938152834312e-05,24.0,4607.0,UCDavis,0.005209463859344476,24.0
73,2022-02-12,8.948589891238983e-07,18608.52165827677,22205.88260226784,15422.53797016442,20794920634.92064,21394285714.28572,20368253968.25397,8.948589891238983e-07,13.0,3460.0,UCDavis,0.0037572254335260114,13.0
74,2022-02-13,4.726335757509226e-06,37906.409315922094,43560.6558111649,32764.53138906748,8020253164.556962,8141772151.898735,7885232067.510549,4.726335757509226e-06,4.0,2612.0,UCDavis,0.0015313935681470138,4.0
75,2022-02-14,3.592807836706861e-05,25352.326068249444,29676.695883055712,21470.448909661663,705641025.6410258,722051282.0512822,688058608.0586082,3.592807836706861e-05,14.0,2167.0,UCDavis,0.006460544531610522,14.0
76,2022-02-15,0.0001182207138151,35837.241829390674,44200.989511111104,27533.18594982079,303138432.1146953,313630616.0860216,291752728.43010753,0.0001182207138151,9.0,2051.0,UCDavis,0.004388103364212579,9.0
77,2022-02-16,0.0002697245427437,149172.58368,164459.36412444446,134478.0053048889,553055284.3377779,570735568.64,532699598.5066667,0.0002697245427437,20.0,3821.0,UCDavis,0.005234231876472127,20.0
78,2022-02-17,2.5808119285788384e-05,14091.578623333337,18567.039316666665,10400.660956666668,546013387.0,556635411.5000001,535950025.00000006,2.5808119285788384e-05,35.0,5954.0,UCDavis,0.005878401074907625,35.0
79,2022-02-18,1.965818878917517e-05,9336.213052014651,12301.370772161174,6890.842329084249,474927428.5714287,485709009.4652016,463169240.3809524,1.965818878917517e-05,10.0,2159.0,UCDavis,0.004631773969430292,10.0
80,2022-02-19,0.0,0.0,0.0,0.0,254728234.7838828,261901721.31868133,248091164.60073265,0.0,7.0,2426.0,UCDavis,0.0028854080791426216,7.0
81,2022-02-20,1.021784087280753e-05,4635.278255483871,6363.776422365592,3252.398262365592,453645570.8387097,469304205.7634409,437349315.3548387,1.021784087280753e-05,15.0,3419.0,UCDavis,0.004387247733255338,15.0
82,2022-02-21,,,,,,,,,0.0,1.0,UCDavis,0.0,0.0
83,2022-02-22,2.1547464502683688e-05,13391.265620779222,17461.39898181818,9901.090101471862,621477558.0259743,631819925.7489179,609510334.1991342,2.1547464502683688e-05,8.0,2910.0,UCDavis,0.0027491408934707906,8.0
84,2022-02-23,1.648618296393253e-05,5999.720858720539,8237.023144511784,4209.774512053872,363924194.69360274,390027759.7306397,337244474.3973064,1.648618296393253e-05,2.0,1584.0,UCDavis,0.0012626262626262627,2.0
85,2022-02-24,1.3790925322189545e-05,5588.486574685991,8215.134270144927,3592.445942415459,405229268.0966184,431099505.6231884,378286669.4492754,1.3790925322189545e-05,16.0,3713.0,UCDavis,0.0043091839482897925,16.0
86,2022-02-25,9.272200151150696e-06,5145.777201702127,7543.25525106383,2401.1716357446808,554968305.0212766,583548731.1205674,524630282.7801418,9.272200151150696e-06,9.0,4053.0,UCDavis,0.0022205773501110288,9.0
87,2022-02-26,1.624145010574874e-05,10513.04828,13851.980363636363,7759.431094545455,647297391.0303031,655314220.1212122,639044790.5454546,1.624145010574874e-05,8.0,3899.0,UCDavis,0.0020518081559374197,8.0
88,2022-02-27,7.97166447265008e-06,11685.137797171716,15396.29155878788,8211.01785858586,1465834122.505051,1531315720.7272727,1396089311.030303,7.97166447265008e-06,9.0,3776.0,UCDavis,0.0023834745762711866,9.0
89,2022-02-28,3.903309398439375e-06,11541.850510476192,15598.951350476194,7818.495234285717,2956939697.1428576,3016074335.2380958,2897162737.1428576,3.903309398439375e-06,2.0,2047.0,UCDavis,0.0009770395701025891,2.0
90,2022-03-01,9.12849235334515e-06,3144.014073184257,5382.591940791775,892.4993645235662,344417670.6827309,350843373.4939759,339277108.4337349,9.12849235334515e-06,7.0,4928.0,UCDavis,0.0014204545454545455,7.0
91,2022-03-02,0.0,0.0,0.0,0.0,445057471.2643678,468965517.2413793,419310344.82758623,0.0,3.0,3285.0,UCDavis,0.0009132420091324201,3.0
92,2022-03-03,0.0,0.0,0.0,0.0,373333333.3333334,392982456.1403509,353684210.52631587,0.0,11.0,4003.0,UCDavis,0.0027479390457157134,11.0
93,2022-03-04,0.0,0.0,0.0,0.0,452525252.5252526,458989898.98989904,446060606.0606061,0.0,7.0,2801.0,UCDavis,0.0024991074616208496,7.0
94,2022-03-05,0.0,0.0,0.0,0.0,999399399.3993996,1037837837.837838,970570570.5705708,0.0,6.0,2675.0,UCDavis,0.0022429906542056075,6.0
95,2022-03-06,4.287359770387437e-06,4329.641424927748,5944.1810058654055,3011.908521783921,1009861932.938856,1028796844.1814595,997238658.7771204,4.287359770387437e-06,0.0,1279.0,UCDavis,0.0,0.0
96,2022-03-07,1.5119590682048838e-05,5848.67058030098,8597.623871033447,3714.578936856418,386827309.2369478,399678714.85943776,375261044.1767068,1.5119590682048838e-05,0.0,2396.0,UCDavis,0.0,0.0
97,2022-03-08,7.835352584549363e-06,4107.279693486591,7086.590038314178,999.233716475096,524198451.7181513,554637128.4572557,495061063.2183909,7.835352584549363e-06,4.0,2954.0,UCDavis,0.0013540961408259986,4.0
98,2022-03-09,1.6217987182310412e-05,9233.986928104578,12549.019607843138,5626.143790849674,569367013.5697508,576340619.255515,562195502.387153,1.6217987182310412e-05,5.0,3648.0,UCDavis,0.0013706140350877192,5.0
99,2022-03-10,6.8150829464591714e-06,8893.023255813956,11720.93023255814,6561.240310077521,1304903157.5520873,1343300043.1504376,1269020257.9941833,6.8150829464591714e-06,3.0,3678.0,UCDavis,0.0008156606851549756,3.0
100,2022-03-11,0.0,0.0,0.0,0.0,515208514.17824125,553733633.5358791,484510407.6244208,0.0,2.0,2614.0,UCDavis,0.0007651109410864575,2.0
101,2022-03-12,1.2808619257332551e-05,4832.65306122449,6911.56462585034,3221.768707482993,377296956.38020784,390083489.4504674,364389515.5718541,1.2808619257332551e-05,6.0,2483.0,UCDavis,0.0024164317358034634,6.0
102,2022-03-13,1.6451697943547455e-05,9088.584474885844,12273.972602739728,6502.283105022832,552440514.4121001,571880072.3280542,532291722.406536,1.6451697943547455e-05,3.0,1609.0,UCDavis,0.0018645121193287756,3.0
103,2022-03-14,3.184690736924225e-06,2933.333333333333,5033.333333333334,1485.0,921073214.2130536,970950190.2262368,869931157.4300133,3.184690736924225e-06,2.0,2180.0,UCDavis,0.0009174311926605505,2.0
104,2022-03-15,1.02079774232717e-05,3196.288619125099,4698.576285825142,2054.670400786817,313116740.6227153,325600643.04641783,298074037.42918456,1.02079774232717e-05,4.0,3108.0,UCDavis,0.001287001287001287,4.0
105,2022-03-16,0.0,0.0,0.0,0.0,1140656267.1326785,1189717110.974054,1088848698.4877567,0.0,3.0,2498.0,UCDavis,0.0012009607686148918,3.0
106,2022-03-17,1.734101358432195e-06,2231.30461637398,3563.9716944563284,969.700583624184,1286720989.8222485,1304685409.4992344,1269034905.389906,1.734101358432195e-06,5.0,2487.0,UCDavis,0.002010454362685967,5.0
107,2022-03-18,0.0,0.0,0.0,0.0,661933563.9767532,670482852.5946394,651263030.7577497,0.0,3.0,2242.0,UCDavis,0.0013380909901873326,3.0
108,2022-03-19,0.0,0.0,0.0,0.0,346209132.1689417,358069338.74371445,333452924.8233956,0.0,3.0,1470.0,UCDavis,0.0020408163265306124,3.0
109,2022-03-20,1.4431754642725114e-05,7457.588942309885,10238.541199473402,4755.400093307206,516748595.5056181,528217307.1014748,506831502.73583823,1.4431754642725114e-05,0.0,353.0,UCDavis,0.0,0.0
110,2022-03-21,0.0,0.0,0.0,0.0,660174974.6497047,683099491.2656708,638639466.9524332,0.0,2.0,1241.0,UCDavis,0.0016116035455278,2.0
111,2022-03-22,0.0,0.0,0.0,0.0,46930990.889896326,48764794.02594613,45022130.37706657,0.0,2.0,1322.0,UCDavis,0.0015128593040847202,2.0
112,2022-03-23,,,,,,,,,2.0,1600.0,UCDavis,0.00125,2.0
113,2022-03-24,,,,,,,,,4.0,1517.0,UCDavis,0.0026367831245880024,4.0
114,2022-03-25,,,,,,,,,0.0,,UCDavis,,0.0
115,2022-03-26,0.0,0.0,0.0,0.0,153960327.14843735,162700154.62239572,145509765.62500054,0.0,1.0,552.0,UCDavis,0.0018115942028985507,1.0
116,2022-03-27,9.235296219395035e-06,4424.16496105022,6738.048952979015,2528.143090170782,479049600.1372469,512527548.30025375,444787652.6428772,9.235296219395035e-06,3.0,3053.0,UCDavis,0.000982640026203734,3.0
117,2022-03-28,1.930948210726736e-05,2915.3604412553395,4991.125111556171,1329.791041749034,150980768.15628877,160638032.97963303,140791692.78121108,1.930948210726736e-05,13.0,4690.0,UCDavis,0.002771855010660981,13.0
118,2022-03-29,0.0,0.0,0.0,0.0,309894736.84210527,321122807.0175439,303157894.73684216,0.0,9.0,4706.0,UCDavis,0.0019124521886952825,9.0
119,2022-03-30,2.67175572519084e-05,9955.555555555558,13269.333333333334,7239.111111111112,372622222.2222223,378311111.1111112,365511111.1111112,2.67175572519084e-05,9.0,4249.0,UCDavis,0.002118145445987291,9.0
120,2022-03-31,1.5325670498084293e-05,6368.1592039801,9361.194029850749,4091.5422885572143,415522388.0597015,433034825.8706468,398009950.2487562,1.5325670498084293e-05,5.0,3611.0,UCDavis,0.0013846579894765993,5.0
121,2022-04-01,2.441666666666667e-05,10246.994535519128,14076.50273224044,6574.863387978144,419672131.14754105,437158469.9453553,405683060.1092897,2.441666666666667e-05,11.0,2817.0,UCDavis,0.0039048633297834577,11.0
122,2022-04-02,4.9242424242424245e-05,31877.39463601533,37517.24137931036,26850.574712643684,647356321.8390806,660842911.8773948,631417624.521073,4.9242424242424245e-05,8.0,2345.0,UCDavis,0.003411513859275053,8.0
123,2022-04-03,3.040201005025126e-05,8380.952380952382,11511.688311688316,5818.18181818182,275670995.67099565,282597402.5974026,271515151.5151516,3.040201005025126e-05,8.0,1090.0,UCDavis,0.007339449541284404,8.0
124,2022-04-04,1.6695402298850576e-05,10872.51461988304,14914.619883040934,7635.087719298246,651228070.1754385,660584795.3216373,641871345.0292397,1.6695402298850576e-05,15.0,2243.0,UCDavis,0.006687472135532769,15.0
125,2022-04-05,2.215797174519935e-05,12818.603889614937,18159.37827615172,8699.753705193038,578509803.9215686,587294117.6470588,569725490.1960784,2.215797174519935e-05,11.0,2918.0,UCDavis,0.0037697052775873888,11.0
126,2022-04-06,4.278150991129042e-05,21004.88251330808,25920.37238326729,16754.702025768787,490980392.15686274,505098039.2156864,481568627.4509804,4.278150991129042e-05,8.0,2534.0,UCDavis,0.0031570639305445935,8.0
127,2022-04-07,1.898833819667391e-05,8608.046649158841,11341.932027236291,6226.026493570088,453333333.33333343,459130434.7826088,446376811.594203,1.898833819667391e-05,7.0,2203.0,UCDavis,0.0031774852473899226,7.0
128,2022-04-08,3.3404058418594954e-05,13852.7983074248,17181.17663422106,10985.133803893434,414704049.84423685,422679127.7258568,406728971.9626168,3.3404058418594954e-05,13.0,2237.0,UCDavis,0.00581135449262405,13.0
129,2022-04-09,2.802911212943884e-05,12103.421660675383,14865.440061722704,9393.03650253124,431816091.9540231,444321839.08045983,421517241.3793104,2.802911212943884e-05,7.0,1931.0,UCDavis,0.0036250647332988087,7.0
130,2022-04-10,3.125918577018301e-05,18564.01374748166,22152.7890042142,15385.639202129392,593873873.873874,601561561.5615616,587147147.1471472,3.125918577018301e-05,2.0,1527.0,UCDavis,0.0013097576948264572,2.0
131,2022-04-11,6.451948290377612e-06,8837.21402197176,11783.339760520244,5721.032619476364,1369696969.6969695,1393939393.939394,1357575757.5757575,6.451948290377612e-06,8.0,2604.0,UCDavis,0.0030721966205837174,8.0
132,2022-04-12,0.0001828767123287,43151.51515151516,49777.77777777779,36040.40404040405,235959595.959596,245656565.65656567,224646464.64646468,0.0001828767123287,24.0,3673.0,UCDavis,0.006534168254832562,24.0
133,2022-04-13,4.292452830188679e-05,19032.679738562096,24470.588235294123,14535.947712418303,443398692.8104577,451764705.88235307,432941176.4705883,4.292452830188679e-05,37.0,3521.0,UCDavis,0.010508378301618859,37.0
134,2022-04-14,0.0005797546012269,276164.38356164383,293698.63013698626,257168.9497716895,476347031.9634704,490958904.1095891,461735159.8173517,0.0005797546012269,25.0,3389.0,UCDavis,0.007376807317792859,25.0
135,2022-04-15,0.0001609671848013,129108.22510822516,142683.9826839827,117610.3896103896,802077922.0779222,818701298.7012988,784069264.0692642,0.0001609671848013,18.0,2398.0,UCDavis,0.007506255212677231,18.0
136,2022-04-16,4.973890339425589e-05,33311.47540983607,38732.24043715847,27890.710382513666,669726775.9562842,685464480.8743172,653114754.0983608,4.973890339425589e-05,25.0,2053.0,UCDavis,0.012177301509985387,25.0
137,2022-04-17,4.521963824289405e-05,22764.227642276423,28227.642276422765,17821.138211382116,503414634.1463416,511219512.19512194,495609756.09756106,4.521963824289405e-05,0.0,,UCDavis,,0.0
138,2022-04-18,,,,,,,,,23.0,2398.0,UCDavis,0.009591326105087573,23.0
139,2022-04-19,,,,,,,,,39.0,3389.0,UCDavis,0.01150781941575686,39.0
140,2022-04-20,,,,,,,,,33.0,2977.0,UCDavis,0.011084984884111521,33.0
141,2022-04-21,,,,,,,,,26.0,2442.0,UCDavis,0.010647010647010647,26.0
142,2022-04-22,,,,,,,,,36.0,3065.0,UCDavis,0.011745513866231648,36.0
143,2022-04-23,,,,,,,,,11.0,1876.0,UCDavis,0.005863539445628998,11.0
144,2022-04-24,,,,,,,,,8.0,1043.0,UCDavis,0.007670182166826462,8.0
145,2022-04-25,,,,,,,,,18.0,3336.0,UCDavis,0.00539568345323741,18.0
146,2022-04-26,6.485181861948193e-06,12986.26793777778,17110.65901688889,9584.869941333334,2002452392.8888893,2042186144.0000005,1958802083.555556,6.485181861948193e-06,34.0,3228.0,UCDavis,0.010532837670384139,34.0
147,2022-04-27,2.369414769452654e-05,4685.638592748538,7484.183674385965,2694.736842105264,197755101.94152045,203040318.12865496,191019586.99415207,2.369414769452654e-05,37.0,3481.0,UCDavis,0.010629129560471129,37.0
148,2022-04-28,4.8013048526839925e-05,65875.75276698415,73743.12991492065,58514.28571428572,1372038535.1111114,1399825768.6349208,1344074436.0634923,4.8013048526839925e-05,33.0,3469.0,UCDavis,0.009512827904295185,33.0
149,2022-04-29,,,,,,,,,16.0,2492.0,UCDavis,0.006420545746388443,16.0
150,2022-04-30,0.0001421256817109,76708.89456084657,85807.9213883598,68232.80423280425,539725780.994709,559249248.1693121,518095238.09523815,0.0001421256817109,19.0,1913.0,UCDavis,0.009932043910088865,19.0
151,2022-05-01,0.0001186801428479,61811.93217319589,68910.02196013747,54323.02405498282,520827921.92439866,530878042.0618558,511340206.1855671,0.0001186801428479,8.0,830.0,UCDavis,0.00963855421686747,8.0
152,2022-05-02,0.0001930492229098,82549.04034329504,91531.95815478927,72330.59908659005,427606177.83908045,437599573.8237548,419310344.8275863,0.0001930492229098,27.0,1949.0,UCDavis,0.013853258081067214,27.0
153,2022-05-03,0.0001670123350575,55796.49142113821,66371.56106666666,44103.994601626015,334086050.60162604,342114456.3252033,323902439.0243903,0.0001670123350575,0.0,,UCDavis,,0.0
154,2022-05-04,0.0001058261764088,31194.465498412697,36442.97236825397,26200.49318095238,294770788.82539684,302205597.46031743,286984126.984127,0.0001058261764088,83.0,6027.0,UCDavis,0.013771362203417953,83.0
155,2022-05-05,0.0001080648126231,45642.87788070176,56944.23642105264,37506.19135438597,422365770.8070176,440119184.5614036,401167725.6140351,0.0001080648126231,16.0,993.0,UCDavis,0.016112789526686808,16.0
156,2022-05-06,0.0001337466984108,65061.14536296298,73057.09521481484,57521.0959851852,486450477.925926,498324528.4444445,474074074.0740742,0.0001337466984108,63.0,4901.0,UCDavis,0.01285451948581922,63.0
157,2022-05-07,0.0001470650756626,85299.04522531647,103281.88224810128,70299.623385654,580008848.742616,591979877.400844,566737230.5822785,0.0001470650756626,29.0,1942.0,UCDavis,0.014933058702368692,29.0
158,2022-05-08,0.0001006372566815,86876.9659478261,98107.60746666668,73410.58012753625,863268423.7681161,882170304.0000002,841450920.6956524,0.0001006372566815,13.0,999.0,UCDavis,0.013013013013013013,13.0
159,2022-05-09,7.248191917884536e-05,40997.45809382716,47990.76755226337,33881.32872427984,565623241.744856,575944914.6995885,556814487.308642,7.248191917884536e-05,44.0,2924.0,UCDavis,0.015047879616963064,44.0
160,2022-05-10,0.0001133396792181,36268.69734979424,44281.31982222223,30912.77997037037,320000000.00000006,327901234.56790125,310781893.0041153,0.0001133396792181,55.0,2781.0,UCDavis,0.019777058612010068,55.0
161,2022-05-11,0.0003146196404999,132037.0950295082,144192.47153661205,117857.9234972678,419672131.14754105,430163934.4262296,409180327.86885256,0.0003146196404999,53.0,3254.0,UCDavis,0.016287645974185617,53.0
162,2022-05-12,0.0001301938960913,49741.95884606061,57841.06399030303,40727.27272727273,382060606.0606061,389818181.81818193,374303030.3030303,0.0001301938960913,45.0,3737.0,UCDavis,0.012041744715012041,45.0
163,2022-05-13,8.861520687821614e-05,44802.31164010841,50038.62975826558,39457.9945799458,505582655.8265583,524661246.61246616,485636856.3685637,8.861520687821614e-05,33.0,2719.0,UCDavis,0.012136815005516733,33.0
164,2022-05-14,0.0003909397584615,233162.63730465955,246406.03561290327,220215.05376344087,596415770.609319,613620071.6845878,578064516.1290323,0.0003909397584615,31.0,2086.0,UCDavis,0.014860977948226271,31.0
165,2022-05-15,5.873785167500001e-05,67733.73886846848,75823.8612036036,57757.57523603604,1153153153.1531532,1190630630.6306307,1112792792.792793,5.873785167500001e-05,21.0,967.0,UCDavis,0.02171664943123061,21.0
166,2022-05-16,2.3442944256880735e-05,26721.892015686284,31156.9544261438,22692.81045751634,1139869281.0457518,1171241830.0653598,1108496732.026144,2.3442944256880735e-05,49.0,1945.0,UCDavis,0.02519280205655527,49.0
167,2022-05-17,,,,,,,,,48.0,2707.0,UCDavis,0.01773180642777983,48.0
168,2022-05-18,0.0005492410376717,90921.9719908046,107513.39485057472,77977.01149425287,165541111.74252874,169878483.91724142,161193619.65977013,0.0005492410376717,90.0,3946.0,UCDavis,0.02280790674100355,90.0
169,2022-05-19,0.0003096935338153,96295.21225050504,104184.2695003367,87769.7299178451,310937109.5488216,318197868.1750842,296979931.1515152,0.0003096935338153,70.0,3135.0,UCDavis,0.022328548644338118,70.0
170,2022-05-20,0.0003826814530222,77709.12114871798,86515.85980952383,70212.45421245422,203064769.75824177,209623008.46886447,196333709.83150187,0.0003826814530222,37.0,2651.0,UCDavis,0.013956997359486986,37.0
171,2022-05-21,0.0002289624767105,199920.8746666667,214185.2824177778,184888.8888888889,873159993.4577779,889318088.1066668,855319770.0266668,0.0002289624767105,28.0,1667.0,UCDavis,0.016796640671865627,28.0
172,2022-05-22,0.0001347076323818,96494.18695890412,113565.4013954338,82600.95500273973,716323086.1735159,739374197.3333335,695264285.0776256,0.0001347076323818,22.0,1504.0,UCDavis,0.014627659574468085,22.0
173,2022-05-23,0.0003556830735608,77780.30787008548,87953.79573333333,68423.69502905985,218678688.0,225007225.16239312,212266931.82905984,0.0003556830735608,52.0,2728.0,UCDavis,0.01906158357771261,52.0
174,2022-05-24,0.0002753157913978,111620.84341666668,129001.29953333334,100166.66666666666,405428409.5,418174362.1666667,394820499.50000006,0.0002753157913978,39.0,2042.0,UCDavis,0.01909892262487757,39.0
175,2022-05-25,0.0003218460608614,99945.70414933337,109793.93853155556,90168.8888888889,310538845.44,318561604.8355556,301511111.1111112,0.0003218460608614,51.0,2843.0,UCDavis,0.017938797045374603,51.0
176,2022-05-26,0.000501356047442,174747.71375124378,190922.97902487565,157293.53233830846,348550126.48756224,360427324.9751244,332736318.4079602,0.000501356047442,77.0,4141.0,UCDavis,0.018594542381067374,77.0
177,2022-05-27,0.0002137301080518,74153.02834747473,83544.85637171718,65454.545454545456,346947040.0,357314385.2929293,336161616.1616162,0.0002137301080518,33.0,2483.0,UCDavis,0.013290374546919049,33.0
178,2022-05-28,0.0003046903899135,131134.9647131783,142254.09748837212,120918.3256806202,430387596.89922494,439069767.44186056,419224806.2015504,0.0003046903899135,29.0,2095.0,UCDavis,0.013842482100238664,29.0
179,2022-05-29,0.000254660706131,173628.1282882883,185999.0712792793,161441.44144144148,681801801.8018019,697657657.6576577,664504504.5045046,0.000254660706131,26.0,807.0,UCDavis,0.0322180916976456,26.0
180,2022-05-30,,,,,,,,,0.0,2.0,UCDavis,0.0,0.0
181,2022-05-31,0.000280834249413,43856.94861666667,52712.21200000001,35666.66666666667,156166666.66666663,161000000.0,151666666.66666666,0.000280834249413,71.0,2129.0,UCDavis,0.03334899013621419,71.0
182,2022-06-01,0.0004543225212804,115182.83051594204,125697.85003285024,104657.00483091788,253526570.04830915,259710144.92753625,247342995.1690821,0.0004543225212804,111.0,4223.0,UCDavis,0.026284631778356618,111.0
183,2022-06-02,0.0002294761724043,210794.1122509804,224021.1038117647,197019.6078431373,918588235.2941176,936156862.745098,902274509.8039218,0.0002294761724043,59.0,2589.0,UCDavis,0.022788721514098106,59.0
184,2022-06-03,0.0005757063733096,210437.06133333335,224756.5819837399,196782.6005853659,365528455.2845529,375934959.3495935,355121951.2195122,0.0005757063733096,61.0,2185.0,UCDavis,0.027917620137299773,61.0
185,2022-06-04,0.0006127722986784,247287.66542222223,264490.5303111111,223852.70862222224,403555555.5555557,412444444.4444445,394666666.6666668,0.0006127722986784,56.0,2130.0,UCDavis,0.02629107981220657,56.0
186,2022-06-05,0.0004841443002,139573.1315891892,151148.52972972972,128144.14414414416,288288288.2882883,298378378.3783784,281081081.0810811,0.0004841443002,51.0,1516.0,UCDavis,0.033641160949868076,51.0
187,2022-06-06,0.000472491303966,121167.87347126436,133169.03172413795,109425.28735632185,256444663.5402299,261915956.6896552,250987331.31034485,0.000472491303966,43.0,1905.0,UCDavis,0.02257217847769029,43.0
188,2022-06-07,0.0003492450962155,114475.47630222225,123717.54121481485,105244.44444444444,327779767.1111112,332568495.0518519,322992689.3037038,0.0003492450962155,37.0,1975.0,UCDavis,0.018734177215189874,37.0
189,2022-06-08,0.0007029110162117,304339.8660063492,318800.3540317461,289523.8095238096,432970687.5936509,439179610.00634927,427307942.7047619,0.0007029110162117,62.0,2955.0,UCDavis,0.02098138747884941,62.0
190,2022-06-09,0.0009296738747886,332360.8545641026,348446.01456410263,316277.8463589744,357502629.2307692,366038239.2820513,349066749.0256411,0.0009296738747886,54.0,1845.0,UCDavis,0.02926829268292683,54.0
191,2022-06-10,0.0002237984807689,69735.59560784315,76710.66359215688,62825.68912941179,311599950.8496733,318673985.254902,305608891.50326806,0.0002237984807689,9.0,711.0,UCDavis,0.012658227848101266,9.0
192,2022-06-11,0.00011934161604,47801.68002962964,55390.58314074077,41439.54647407408,400544936.5925927,409326850.07407415,392689853.1851853,0.00011934161604,21.0,1041.0,UCDavis,0.020172910662824207,21.0
193,2022-06-12,0.0001582897340711,83391.76086570047,92802.44393429952,68019.32367149758,526829875.32367146,573533151.227053,509214362.589372,0.0001582897340711,6.0,272.0,UCDavis,0.022058823529411766,6.0
194,2022-06-13,0.000147064328516,80727.54390349209,89329.91633269843,70752.07422984128,548926750.0698414,557775646.3746033,539983762.6920636,0.000147064328516,12.0,580.0,UCDavis,0.020689655172413793,12.0
195,2022-06-14,0.0004880546075085,267602.3391812866,333099.4152046784,198362.57309941525,548304093.5672514,576374269.0058479,516491228.07017547,0.0004880546075085,37.0,2003.0,UCDavis,0.018472291562656017,37.0
196,2022-06-15,0.0001455696202531,27669.172932330825,34085.21303258145,20852.13032581453,190075187.9699248,218947368.42105263,157994987.46867168,0.0001455696202531,33.0,1022.0,UCDavis,0.03228962818003914,33.0
197,2022-06-16,9.03614457831325e-05,15094.339622641512,20025.157232704405,10767.29559748428,167044025.15723276,194213836.47798744,139874213.836478,9.03614457831325e-05,21.0,1227.0,UCDavis,0.017114914425427872,21.0
198,2022-06-17,0.0004905660377358,169105.69105691058,191219.512195122,149593.49593495936,344715447.1544716,369430894.3089432,325203252.03252035,0.0004905660377358,0.0,,UCDavis,,0.0
199,2022-06-18,,,,,,,,,30.0,1564.0,UCDavis,0.01918158567774936,30.0
200,2022-06-19,,,,,,,,,30.0,569.0,UCDavis,0.05272407732864675,30.0
201,2022-06-20,,,,,,,,,0.0,,UCDavis,,0.0
202,2022-06-21,0.0005058479728257,79589.74358974358,88341.88034188034,69743.58974358975,157339255.7948718,169686368.0,143101644.991453,0.0005058479728257,0.0,,UCDavis,,0.0
203,2022-06-22,0.0001074040302051,29023.255813953496,37209.30232558141,22077.51937984497,270225016.31007755,289092615.4418605,244374805.95348844,0.0001074040302051,17.0,1084.0,UCDavis,0.015682656826568265,17.0
204,2022-06-23,0.0001988732315739,100987.012987013,109714.28571428574,91567.0995670996,507795906.909091,528484975.3766235,486659035.982684,0.0001988732315739,34.0,2146.0,UCDavis,0.015843429636533086,34.0
205,2022-06-24,0.0008082322843888,270222.22222222225,289777.7777777778,252444.44444444447,334337327.8222223,345645921.42222226,323635932.08888894,0.0008082322843888,42.0,1578.0,UCDavis,0.026615969581749048,42.0
206,2022-06-25,0.000382749279306,110582.27848101268,123274.26160337556,98025.3164556962,288915706.599156,301037623.3586498,275752818.4978903,0.000382749279306,13.0,478.0,UCDavis,0.027196652719665274,13.0
207,2022-06-26,0.0002771149039805,152592.59259259264,168888.8888888889,140000.00000000003,550647368.2962964,564857030.8148148,531864477.03703713,0.0002771149039805,16.0,295.0,UCDavis,0.05423728813559322,16.0
208,2022-06-27,7.529799186165908e-05,34833.812250980394,41135.33449411765,27903.647984313724,462612765.49019617,474346385.254902,451764705.88235295,7.529799186165908e-05,14.0,445.0,UCDavis,0.03146067415730337,14.0
209,2022-06-28,0.0002881046865075,130530.05024180793,144971.53502372885,115069.31930395482,453064654.46327686,461977201.1751413,444745762.7118645,0.0002881046865075,10.0,604.0,UCDavis,0.016556291390728478,10.0
210,2022-06-29,1.8134513639382278e-05,73928.20643864735,83099.2638763285,63971.12786859903,4076657797.874396,4193382491.207729,3958831522.31884,1.8134513639382278e-05,20.0,501.0,UCDavis,0.03992015968063872,20.0
211,2022-06-30,0.0001299168804199,49115.98232222223,57932.26427777779,40610.25712222223,378056971.2222223,386714553.77777785,368262185.0,0.0001299168804199,34.0,1104.0,UCDavis,0.030797101449275364,34.0
212,2022-07-01,0.0001334847340194,54976.61568126233,65341.610856015766,45329.03938145955,411856951.92110455,418987061.9644972,404545831.0059172,0.0001334847340194,15.0,793.0,UCDavis,0.018915510718789406,15.0
0,2021-12-01,7.759476085812684e-05,56471.55716886932,63080.99350367108,47337.93954772394,727775387.7239355,769361534.6842878,692272823.7298092,7.759476085812684e-05,3.0,931.0,Davis,0.00322234156820623,3.0
1,2021-12-02,0.0001596818422008,124414.67370308124,137219.28743977594,114526.65783753502,779141021.8487397,822809504.5378152,738369331.9887955,0.0001596818422008,8.0,2041.0,Davis,0.0039196472317491425,8.0
2,2021-12-03,3.662795721383342e-05,18207.1984982958,20396.945679109853,16180.20799424912,497084737.5408482,537625293.6070275,466024401.2969789,3.662795721383342e-05,6.0,1220.0,Davis,0.004918032786885246,6.0
3,2021-12-04,4.268360377832359e-05,38257.76453868883,43180.680610764175,33724.23637640872,896310553.7522029,939228125.916958,845349178.403756,4.268360377832359e-05,4.0,1993.0,Davis,0.002007024586051179,4.0
4,2021-12-05,4.1618119729897865e-05,35037.27221834487,39590.206699094895,30587.73192806522,841875424.5923944,859368100.3736408,826333485.4789393,4.1618119729897865e-05,1.0,457.0,Davis,0.002188183807439825,1.0
5,2021-12-06,3.336774326828613e-05,30394.814231179,33981.3067283465,25941.689121086707,910904102.4080068,952334590.3228722,874049507.3502892,3.336774326828613e-05,1.0,707.0,Davis,0.0014144271570014145,1.0
6,2021-12-07,4.152469708407242e-05,28931.873236137075,31825.133946417453,25767.751202492214,696738935.3271029,715598760.3738319,679642094.4548287,4.152469708407242e-05,3.0,1642.0,Davis,0.0018270401948842874,3.0
7,2021-12-08,1.8791794161114783e-05,16454.49141229774,18787.121693203888,14229.76212815534,875621096.6990292,916970933.8511328,841542936.957929,1.8791794161114783e-05,7.0,2199.0,Davis,0.0031832651205093224,7.0
8,2021-12-09,1.733665556717102e-05,12582.886523076924,14653.50664615385,10789.177969230772,725796649.4358975,755568096.4102565,691338516.5128205,1.733665556717102e-05,3.0,1452.0,Davis,0.002066115702479339,3.0
9,2021-12-10,8.5258819206807e-06,10670.730828847394,12571.53449974626,8537.30814014555,1251569154.736247,1290266766.7282443,1216492681.3936763,8.5258819206807e-06,1.0,1643.0,Davis,0.0006086427267194157,1.0
10,2021-12-11,2.458663638781155e-05,14498.848138853558,16685.163512710453,12512.595893800732,589704419.5130792,616147158.1274246,566263020.8333347,2.458663638781155e-05,1.0,1174.0,Davis,0.0008517887563884157,1.0
11,2021-12-12,1.895860030855001e-05,20895.12427121597,24011.9319351567,17414.750905489516,1102144880.4842737,1140047362.203366,1058928863.9969624,1.895860030855001e-05,3.0,517.0,Davis,0.005802707930367505,3.0
12,2021-12-13,2.054938810331151e-05,9966.758220462048,11798.399118151816,8335.422759075907,485014841.82178223,524360319.3135314,450471199.4719472,2.054938810331151e-05,2.0,894.0,Davis,0.0022371364653243847,2.0
13,2021-12-14,1.0680436382777598e-05,15653.716567136153,17600.84416525822,13208.02549859155,1465643912.4882634,1535212872.1126764,1403979148.1690145,1.0680436382777598e-05,6.0,1773.0,Davis,0.00338409475465313,6.0
14,2021-12-15,9.292721406065271e-06,10018.343115789474,11751.159588304094,8465.110208187134,1078084952.51462,1126914790.643275,1036272872.0467836,9.292721406065271e-06,5.0,1632.0,Davis,0.0030637254901960784,5.0
15,2021-12-16,1.195216128783898e-05,11104.45527671233,14871.26197625571,7898.305103196349,929075086.0273976,981688783.9269408,876895490.0456622,1.195216128783898e-05,9.0,1657.0,Davis,0.005431502715751358,9.0
16,2021-12-17,5.5676633918497285e-05,49590.20702140673,53286.56117431192,45779.26903975536,890682563.4250766,925830078.0428137,856145101.8960246,5.5676633918497285e-05,6.0,2121.0,Davis,0.002828854314002829,6.0
17,2021-12-18,1.2128827242475486e-05,17988.768076190478,20361.07835428572,15808.356754285716,1483141586.2857144,1519551091.301587,1446070808.3809524,1.2128827242475486e-05,6.0,1313.0,Davis,0.00456968773800457,6.0
18,2021-12-19,3.044116945962769e-05,24582.681455367238,27881.647457627125,21041.63484444445,807547209.6421846,834236055.7438798,775850584.1054616,3.044116945962769e-05,16.0,984.0,Davis,0.016260162601626018,16.0
19,2021-12-20,4.481321800654989e-05,22624.2481148718,25596.45236923077,20037.83201641026,504856582.97435904,535229179.076923,477289788.7179488,4.481321800654989e-05,24.0,1254.0,Davis,0.019138755980861243,24.0
20,2021-12-21,8.59600287432342e-05,61316.91906878308,66546.07682539683,56577.17790476191,713318968.888889,729410613.3333334,696864020.3174604,8.59600287432342e-05,29.0,1700.0,Davis,0.017058823529411765,29.0
21,2021-12-22,0.0001129586131193,71816.32917612811,77060.55508588064,66489.45704803495,635775592.430859,672777360.5822418,601682757.9621543,0.0001129586131193,31.0,2195.0,Davis,0.014123006833712985,31.0
22,2021-12-23,6.727937358963085e-05,68085.11265408805,73419.3669937107,62174.46118238995,1011976019.1194972,1082572198.238994,943425170.3144656,6.727937358963085e-05,45.0,3675.0,Davis,0.012244897959183673,45.0
23,2021-12-24,0.0001067524932163,76927.47801307193,84459.14274509806,69022.52768627452,720615282.0915034,768891537.7777779,675304776.9934642,0.0001067524932163,0.0,,Davis,,0.0
24,2021-12-25,0.0001320075640404,144578.31325301205,160642.5702811245,127228.9156626506,1095227491.7269075,1164547644.0160642,1029419729.4779116,0.0001320075640404,0.0,,Davis,,0.0
25,2021-12-26,0.0001950733176749,114218.43401574806,121850.2715800525,106587.19722834649,585515412.24147,600472645.9632546,569622049.847769,0.0001950733176749,0.0,5.0,Davis,0.0,0.0
26,2021-12-27,0.0002916436357167,311011.23595505627,327191.0112359551,293632.9588014982,1066408444.644195,1120043579.3258429,1016667763.8951312,0.0002916436357167,36.0,751.0,Davis,0.047936085219707054,36.0
27,2021-12-28,0.0001656716135119,114829.93197278913,122993.19727891154,106666.66666666669,693117725.7142856,719263027.4829932,670956358.6394558,0.0001656716135119,128.0,3464.0,Davis,0.03695150115473441,128.0
28,2021-12-29,0.00020493158687,121334.15455670105,131040.99914776634,111415.65327835052,592071512.3024055,630521395.4639176,554940407.9725087,0.00020493158687,39.0,761.0,Davis,0.051248357424441525,39.0
29,2021-12-30,0.0001408557024461,104364.5083932854,113573.14148681056,95155.8752997602,740932078.5803359,791179907.529976,694376627.5683454,0.0001408557024461,174.0,5466.0,Davis,0.031833150384193196,174.0
30,2021-12-31,0.0003216937565141,252121.21212121216,261818.18181818188,242424.2424242425,783730510.8225111,805083250.5627708,761560957.2294374,0.0003216937565141,0.0,,Davis,,0.0
31,2022-01-01,0.0003429378482545,154993.7396941896,167657.2630703364,142063.98081957188,451958687.2171254,569271468.1345567,344322647.8776759,0.0003429378482545,0.0,12.0,Davis,0.0,0.0
32,2022-01-02,0.0003496420988589,374153.8461538462,391658.1196581197,357196.58119658125,1070105251.5555556,1143594668.3076923,1016464676.6495726,0.0003496420988589,71.0,1075.0,Davis,0.06604651162790698,71.0
33,2022-01-03,0.0003467424844537,227150.25906735752,249810.01727115712,205043.17789291884,655097858.6463724,740144055.6185256,581391550.9634044,0.0003467424844537,113.0,1484.0,Davis,0.0761455525606469,113.0
34,2022-01-04,0.0003414459091743,205138.70530081305,217909.56739295396,192466.9426124661,600794151.5447154,638419794.9051491,559870492.7913278,0.0003414459091743,233.0,3484.0,Davis,0.06687715269804823,233.0
35,2022-01-05,0.0004742694020356,309327.68841590214,324490.3051253823,294488.1660672783,652219365.382263,698808414.4342508,609188609.6636087,0.0004742694020356,166.0,3114.0,Davis,0.05330764290301863,166.0
36,2022-01-06,0.0002595600999957,317065.2635863946,359255.877659864,278986.1354666667,1221548549.22449,1288279124.027211,1168707482.9931974,0.0002595600999957,147.0,2691.0,Davis,0.054626532887402456,147.0
37,2022-01-07,0.000536942973597,300880.5031446541,316981.13207547175,283773.5849056604,560358395.4716983,579770453.8364781,542296864.4025158,0.000536942973597,123.0,2798.0,Davis,0.043959971408148675,123.0
38,2022-01-08,0.0004155688622754,362875.8169934641,386928.1045751635,340915.0326797386,873202614.3790852,900392156.8627453,844967320.2614381,0.0004155688622754,110.0,2609.0,Davis,0.04216174779609046,110.0
39,2022-01-09,0.0007201388614182,502534.346147017,515764.75663618615,489306.3631924716,697829784.0465213,713814012.9320546,681613482.8509697,0.0007201388614182,85.0,1370.0,Davis,0.06204379562043796,85.0
40,2022-01-10,0.00030724987985,271977.7636293223,280844.76622959896,262747.37810235133,885200553.2503458,916182572.614108,863070539.4190872,0.00030724987985,74.0,1919.0,Davis,0.0385617509119333,74.0
41,2022-01-11,0.0005051959332911,357121.4839314888,380618.2499499341,332781.1622028986,706896988.6693016,755297240.3689065,664817052.3320159,0.0005051959332911,66.0,1510.0,Davis,0.04370860927152318,66.0
42,2022-01-12,0.000253488372093,511062.2710622712,527472.5274725276,494652.0146520147,2016117216.1172163,2133333333.3333335,1910622710.622711,0.000253488372093,181.0,3471.0,Davis,0.052146355517142036,181.0
43,2022-01-13,0.0002175818265698,258042.3644040404,269717.3417373738,243920.04686868688,1185955502.222222,1217130533.7373738,1141715494.9494948,0.0002175818265698,89.0,2867.0,Davis,0.031042901988140914,89.0
44,2022-01-14,0.0003487618188551,302991.7671724138,318590.4589323116,286755.343816092,868764155.9131545,894438332.9757342,844911398.4163473,0.0003487618188551,81.0,2629.0,Davis,0.03081019399011031,81.0
45,2022-01-15,0.0005200017935135,360331.62287922704,385406.0518647343,335458.9371980676,692943038.6086956,732334892.5217392,653772621.3719807,0.0005200017935135,54.0,1987.0,Davis,0.027176648213387014,54.0
46,2022-01-16,0.000272983241282,250502.26847058823,267060.85952941177,233725.49019607843,917647058.8235296,996078431.372549,847058823.5294118,0.000272983241282,41.0,998.0,Davis,0.041082164328657314,41.0
47,2022-01-17,0.0001793103448275,149909.90990990994,166486.4864864865,132612.61261261263,836036036.0360361,900900900.900901,785585585.5855857,0.0001793103448275,30.0,997.0,Davis,0.03009027081243731,30.0
48,2022-01-18,0.0004349758359856,368979.59183673473,384761.9047619049,353197.2789115647,848276068.027211,870385493.3333333,829452826.1224489,0.0004349758359856,81.0,1581.0,Davis,0.051233396584440226,81.0
49,2022-01-19,0.0001662937985595,135621.07261878453,147681.85275874767,123142.86768324125,815550993.4438306,852758744.1620626,783793738.4898711,0.0001662937985595,93.0,2492.0,Davis,0.037319422150882825,93.0
50,2022-01-20,0.0001195722494535,166023.81457856094,172675.81753891337,159372.6070132159,1388481151.248165,1406697124.9339209,1369509453.157122,0.0001195722494535,79.0,3033.0,Davis,0.0260468183316848,79.0
51,2022-01-21,0.0001708964703338,106472.6825252243,111963.86226089568,100982.0387858803,623024468.0726817,645285932.8288479,599743196.176665,0.0001708964703338,43.0,1849.0,Davis,0.023255813953488372,43.0
52,2022-01-22,0.0001737392146276,85049.025217692,92992.28191375734,77167.29640960667,489521179.1992187,515879618.3268226,464034423.8281254,0.0001737392146276,67.0,2983.0,Davis,0.022460610124036204,67.0
53,2022-01-23,0.0002679461453332,147738.68609078348,160180.18440858193,134991.68202846852,551374552.923919,589587659.8760546,523026066.3897682,0.0002679461453332,36.0,916.0,Davis,0.039301310043668124,36.0
54,2022-01-24,0.0001500424816822,124093.08603174605,138036.06184126987,109841.26984126984,827053009.5238097,887768457.7777777,773208860.3174603,0.0001500424816822,24.0,885.0,Davis,0.02711864406779661,24.0
55,2022-01-25,0.0001555256548353,131765.02239528025,151594.4489439528,108888.51917404128,847223710.6784661,908286737.9351032,790240496.519174,0.0001555256548353,64.0,1916.0,Davis,0.033402922755741124,64.0
56,2022-01-26,0.0002447332810543,244832.0484848485,257272.72032323235,230981.67264646463,1000403571.717172,1027766618.989899,969120341.818182,0.0002447332810543,36.0,2469.0,Davis,0.014580801944106925,36.0
57,2022-01-27,0.0001863091231142,155263.57873693717,164154.4325527176,146373.69923777386,833365409.8180432,849256427.979574,815637682.6298735,0.0001863091231142,51.0,2571.0,Davis,0.019836639439906652,51.0
58,2022-01-28,9.055382314228888e-05,123890.2656636464,130180.1846996291,117601.0317635502,1368139536.9577646,1398400042.8082218,1338433605.6411717,9.055382314228888e-05,21.0,1885.0,Davis,0.011140583554376658,21.0
59,2022-01-29,0.0001166953423422,87295.0337033774,92107.97166519825,82482.51578267255,748059279.4126287,781123233.362702,715830493.9794421,0.0001166953423422,33.0,1794.0,Davis,0.01839464882943144,33.0
60,2022-01-30,0.0001968258144065,143030.5665539157,151578.63657961637,134483.21434759314,726686014.1549058,758057756.3214048,695771379.3682796,0.0001968258144065,26.0,751.0,Davis,0.03462050599201065,26.0
61,2022-01-31,9.564971270007248e-05,86413.97631231231,95102.17845045046,77572.41302102104,903442089.6096096,953035555.0750751,856536663.5435437,9.564971270007248e-05,23.0,932.0,Davis,0.02467811158798283,23.0
62,2022-02-01,9.41285449846817e-05,103638.0674601626,111357.19112845532,95739.837398374,1101026978.3414636,1149779995.577236,1060179989.3333334,9.41285449846817e-05,26.0,1739.0,Davis,0.014951121334100058,26.0
63,2022-02-02,0.0001074332806566,105210.80380952382,111614.0078095238,97933.17130158732,979312957.4603174,1006543549.84127,953749399.3650794,0.0001074332806566,19.0,1469.0,Davis,0.012933968686181076,19.0
64,2022-02-03,0.0002356388306133,240909.5400838096,250084.80981333336,231849.75762285717,1022367745.8285716,1044319940.2666668,1002977771.2761904,0.0002356388306133,22.0,2290.0,Davis,0.00960698689956332,22.0
65,2022-02-04,5.463221272757263e-05,50025.22275432528,54005.49196770474,46221.63078200693,915672645.436852,930983331.9816896,900553047.5057682,5.463221272757263e-05,18.0,2037.0,Davis,0.008836524300441826,18.0
66,2022-02-05,9.116362552363268e-05,74551.34972357724,82538.41866666668,67971.55518699189,817775173.98374,858358442.276423,779499233.8211383,9.116362552363268e-05,25.0,1495.0,Davis,0.016722408026755852,25.0
67,2022-02-06,4.307837872721052e-05,113593.78121546964,122499.53968324128,104653.97846040515,2636909386.3720074,2749850548.213628,2540349296.2062616,4.307837872721052e-05,24.0,494.0,Davis,0.048582995951417005,24.0
68,2022-02-07,3.637671753234161e-05,43749.1943169399,47047.02093989072,40451.58135956285,1202670204.5901642,1228244135.0819676,1179498057.704918,3.637671753234161e-05,11.0,786.0,Davis,0.013994910941475827,11.0
69,2022-02-08,7.959300901226814e-05,85030.66647360483,91085.57490196078,79817.3389321267,1068318279.8190044,1095056354.7511313,1037473192.6395174,7.959300901226814e-05,11.0,773.0,Davis,0.014230271668822769,11.0
70,2022-02-09,8.399131223703126e-05,66661.49794594594,71510.36990270272,61694.74830990992,793671347.3153154,836849486.4144144,750264727.6396397,8.399131223703126e-05,32.0,2032.0,Davis,0.015748031496062992,32.0
71,2022-02-10,0.0001203270950331,104168.2236734694,113943.1259319728,94095.9826394558,865708788.5714285,912830004.8979592,822074713.4693878,0.0001203270950331,11.0,1552.0,Davis,0.007087628865979381,11.0
72,2022-02-11,9.06074877082371e-05,65210.388011905714,76358.4410590965,54722.96970973705,719701976.7492952,767548182.5773549,671065181.0829818,9.06074877082371e-05,22.0,1969.0,Davis,0.0111731843575419,22.0
73,2022-02-12,6.325930597424709e-05,40358.24180668236,48882.8838380993,32503.636678059876,637981103.0982893,662751235.3098284,616845327.5240369,6.325930597424709e-05,8.0,1416.0,Davis,0.005649717514124294,8.0
74,2022-02-13,4.055426094895375e-05,127881.03337873516,145346.77873577998,112288.43822813868,3153331620.065791,3343922697.3684216,3001195860.745617,4.055426094895375e-05,8.0,848.0,Davis,0.009433962264150943,8.0
75,2022-02-14,3.185194004006868e-05,23657.364656630823,26543.47197706093,20988.595956989244,742729159.5698926,771461011.0394264,714139854.9103943,3.185194004006868e-05,5.0,303.0,Davis,0.0165016501650165,5.0
76,2022-02-15,6.065733220964367e-05,58188.539563636354,63175.12193939394,52948.90475757576,959299353.3333336,1030727872.1212122,899290604.8484849,6.065733220964367e-05,7.0,317.0,Davis,0.022082018927444796,7.0
77,2022-02-16,3.9542814095815e-05,30191.285428945077,33625.39190995066,26668.941207796517,763508771.9298247,793450292.397661,741052631.5789475,3.9542814095815e-05,11.0,1620.0,Davis,0.006790123456790123,11.0
78,2022-02-17,9.241376058179074e-05,355856.00418300665,379946.0666143792,326274.5098039216,3850681997.385622,3976075814.901961,3716396036.601308,9.241376058179074e-05,23.0,2295.0,Davis,0.010021786492374727,23.0
79,2022-02-18,3.7851118257912e-05,30206.289350616244,34002.89247248238,26162.65496358612,798028981.4635065,841717213.3799155,756724633.6374195,3.7851118257912e-05,9.0,1770.0,Davis,0.005084745762711864,9.0
80,2022-02-19,3.5585138229604025e-05,42609.97545151485,47488.42451307511,37801.75012255473,1197409299.820191,1234172130.7663682,1157258048.8901267,3.5585138229604025e-05,1.0,942.0,Davis,0.0010615711252653928,1.0
81,2022-02-20,6.580424151684732e-05,92134.17683571512,99511.07318584708,84757.79128550128,1400125200.3205106,1448260689.3251464,1364037738.158833,6.580424151684732e-05,11.0,1182.0,Davis,0.009306260575296108,11.0
82,2022-02-21,2.2171277992036497e-05,14822.2571925113,17462.5923759059,12462.800009208846,668534181.8290843,723064703.690379,617258493.5238485,2.2171277992036497e-05,0.0,2.0,Davis,0.0,0.0
83,2022-02-22,1.7730412491115214e-05,21248.860716230367,25210.53034554974,17647.611738917978,1198441419.616056,1237290627.0157068,1160044448.1675394,1.7730412491115214e-05,5.0,659.0,Davis,0.007587253414264037,5.0
84,2022-02-23,1.5128873439509736e-05,11594.424213188291,13965.511667555653,9502.61734534,766377236.1865972,787332639.832429,738254403.3769277,1.5128873439509736e-05,9.0,1359.0,Davis,0.006622516556291391,9.0
85,2022-02-24,1.9986015206545304e-05,50478.89228108109,54872.657158918926,46085.40921657658,2525710691.171172,2627090899.6036034,2430128448.576577,1.9986015206545304e-05,6.0,729.0,Davis,0.00823045267489712,6.0
86,2022-02-25,2.160455585573316e-05,16372.51480765966,19089.86662238774,13926.241462028323,757826956.35999,777025507.8933731,741140172.1014526,2.160455585573316e-05,8.0,2241.0,Davis,0.0035698348951361,8.0
87,2022-02-26,2.7059951210913048e-05,19633.44620811288,22314.87731922399,17176.23957671958,725553644.0211642,758234729.8765433,690718910.1940036,2.7059951210913048e-05,4.0,1716.0,Davis,0.002331002331002331,4.0
88,2022-02-27,1.1053320265164345e-05,15025.660788366042,17492.989236994334,12407.60891936546,1359379844.9612403,1448682170.542636,1289922480.620155,1.1053320265164345e-05,11.0,687.0,Davis,0.01601164483260553,11.0
89,2022-02-28,3.830108109918009e-05,25814.34022857143,29528.972647619048,19396.818819047618,673984636.6666667,696104213.3333334,651943315.7142859,3.830108109918009e-05,4.0,190.0,Davis,0.021052631578947368,4.0
90,2022-03-01,4.120902176537124e-05,55169.73166329967,60453.78742087542,49754.07854006734,1338777998.114478,1364114369.8316498,1318579594.882155,4.120902176537124e-05,4.0,1538.0,Davis,0.002600780234070221,4.0
91,2022-03-02,0.0,0.0,0.0,0.0,876457034.5380903,960702237.2159084,810000805.5818614,0.0,8.0,1116.0,Davis,0.007168458781362007,8.0
92,2022-03-03,2.1684201933450577e-05,19517.336739273927,22257.70730033004,17012.03273927393,900071711.1551156,966668036.4356436,836729869.3069307,2.1684201933450577e-05,7.0,1621.0,Davis,0.00431832202344232,7.0
93,2022-03-04,1.0219770136726643e-05,12664.388727258753,14886.888036441962,10675.216688260403,1239204850.7771146,1352084022.266317,1143400022.0458555,1.0219770136726643e-05,6.0,1295.0,Davis,0.004633204633204633,6.0
94,2022-03-05,1.5905123674349798e-05,11068.571181524398,13779.497845268925,8739.980585845864,695912298.9640558,746450168.4838625,649869255.0938667,1.5905123674349798e-05,6.0,1087.0,Davis,0.005519779208831647,6.0
95,2022-03-06,1.0135568575460804e-05,11649.769585253456,13812.596006144397,9683.56374807988,1149394777.2657452,1174562211.981567,1123588325.652842,1.0135568575460804e-05,2.0,321.0,Davis,0.006230529595015576,2.0
96,2022-03-07,1.49651127602847e-05,13090.182689096577,15207.63676510904,10867.10992149533,874713268.0373833,893630211.5887854,856323242.3676014,1.49651127602847e-05,4.0,464.0,Davis,0.008620689655172414,4.0
97,2022-03-08,1.1532383775988316e-05,8889.949622274466,10745.059876214904,7261.950762665905,770868347.3389356,797759103.6414567,743977591.0364146,1.1532383775988316e-05,7.0,1150.0,Davis,0.00608695652173913,7.0
98,2022-03-09,0.0,0.0,0.0,0.0,388532546.47090536,453913651.3896372,324349624.80917746,0.0,5.0,1339.0,Davis,0.0037341299477221808,5.0
99,2022-03-10,1.6378499591820944e-05,15185.19719245283,17611.304171069183,12793.786872955976,927142141.8867928,992166771.3207548,856843154.2138367,1.6378499591820944e-05,8.0,1372.0,Davis,0.0058309037900874635,8.0
100,2022-03-11,5.010253686039748e-06,3231.6012651045603,4367.5522100254,1982.3742783777411,644997532.5818108,662332185.8352365,626188745.600268,5.010253686039748e-06,3.0,1023.0,Davis,0.002932551319648094,3.0
101,2022-03-12,1.8370468017548143e-05,19465.295006247157,22368.844350179013,16824.864406211706,1059597120.0980392,1124681181.0661774,997952473.958331,1.8370468017548143e-05,0.0,999.0,Davis,0.0,0.0
102,2022-03-13,3.0455814430602056e-05,26236.90372448791,30112.4597090093,22424.983826170333,861474375.7476084,893265301.0366828,829144783.5675819,3.0455814430602056e-05,2.0,296.0,Davis,0.006756756756756757,2.0
103,2022-03-14,1.512433829663654e-05,18109.500510552767,20686.87164355109,15694.869022445564,1197374731.7315753,1232320620.0272188,1159479281.1714845,1.512433829663654e-05,2.0,562.0,Davis,0.0035587188612099642,2.0
104,2022-03-15,1.308868501529052e-05,25504.655493482314,28960.8938547486,22346.3687150838,1948603351.955308,1984357541.8994417,1918808193.6685293,1.308868501529052e-05,6.0,929.0,Davis,0.006458557588805167,6.0
105,2022-03-16,2.200249382187656e-05,36928.79829478582,41647.59677233218,32242.93480709672,1678391485.6991522,1737855865.9957638,1618266684.3220372,2.200249382187656e-05,2.0,1373.0,Davis,0.0014566642388929353,2.0
106,2022-03-17,4.238033630020666e-05,50937.93074358975,55787.45938461539,46013.037364102565,1201923703.0769234,1596258075.384616,823372317.4358976,4.238033630020666e-05,7.0,1417.0,Davis,0.004940014114326041,7.0
107,2022-03-18,3.112758079461773e-05,34393.05461732683,40818.26829640877,28680.887599449405,1104906123.1020477,1121524375.4413831,1088828704.316737,3.112758079461773e-05,3.0,1151.0,Davis,0.0026064291920069507,3.0
108,2022-03-19,1.963499067016628e-05,16080.111743315509,18947.63871942959,12680.301906595363,818951840.2852051,844919960.0713013,794746842.3529413,1.963499067016628e-05,5.0,910.0,Davis,0.005494505494505495,5.0
109,2022-03-20,1.2345255726930047e-05,13501.384227572602,15982.73292290463,10423.139782252045,1093649619.434012,1128615516.5861952,1056536472.304183,1.2345255726930047e-05,0.0,81.0,Davis,0.0,0.0
110,2022-03-21,1.6044730819614295e-05,10342.261502803738,12574.809360747666,7874.297948909657,644589280.996885,681808480.9968848,608597248.598131,1.6044730819614295e-05,3.0,315.0,Davis,0.009523809523809525,3.0
111,2022-03-22,6.337511452241472e-06,6826.295628691984,8744.135183122364,5007.85197907173,1077125568.9451478,1098254858.3966246,1053157448.7763712,6.337511452241472e-06,2.0,291.0,Davis,0.006872852233676976,2.0
112,2022-03-23,3.1037006082242675e-05,39151.83480153257,44035.96271570881,33666.76783448276,1261456556.015326,1367258777.6245215,1164505227.2796938,3.1037006082242675e-05,6.0,569.0,Davis,0.01054481546572935,6.0
113,2022-03-24,1.6651904064504557e-05,13676.272960000002,15795.316558840585,11481.692132173912,821303852.5217392,872949785.0434783,771363649.3913044,1.6651904064504557e-05,5.0,691.0,Davis,0.00723589001447178,5.0
114,2022-03-25,5.1548962780251006e-05,26788.278315044245,29573.6346619469,24183.78250383481,519666679.41002953,533998526.4896756,504969126.1356932,5.1548962780251006e-05,0.0,,Davis,,0.0
115,2022-03-26,8.252698614741697e-05,41814.59562404372,45240.29801092897,38389.12515846995,506677846.5573772,524587262.07650286,486272926.338798,8.252698614741697e-05,5.0,393.0,Davis,0.01272264631043257,5.0
116,2022-03-27,9.178920733423216e-05,64630.79176087305,69408.60333650031,59853.31189805161,704121907.5520813,740071924.1819538,675248519.2340349,9.178920733423216e-05,4.0,571.0,Davis,0.0070052539404553416,4.0
117,2022-03-28,0.0001108792024601,79224.0261242938,85359.69188700567,71134.75584180793,714507539.4350284,752898239.0960453,679481360.0000001,0.0001108792024601,3.0,436.0,Davis,0.006880733944954129,3.0
118,2022-03-29,9.457720528231922e-06,15254.24270899471,17691.343130864196,13052.094340740738,1612887869.065256,1738561301.4462082,1520582045.008818,9.457720528231922e-06,5.0,1056.0,Davis,0.004734848484848485,5.0
119,2022-03-30,7.73639811272568e-06,12153.645269333334,14286.54706251852,8724.805338074075,1570969473.422222,1625816985.125926,1524255787.1407406,7.73639811272568e-06,3.0,1273.0,Davis,0.002356637863315004,3.0
120,2022-03-31,3.175126721481702e-05,28411.06461798942,36603.70559435626,24698.711579541447,894800967.3368608,915744702.081129,873932240.1410936,3.175126721481702e-05,6.0,939.0,Davis,0.006389776357827476,6.0
121,2022-04-01,1.907485206608818e-05,22235.809810577863,25410.553765675388,19077.84472066891,1165713355.6547642,1196364888.1861758,1139055524.5535707,1.907485206608818e-05,2.0,1366.0,Davis,0.0014641288433382138,2.0
122,2022-04-02,1.1434016702105674e-05,12757.50968946283,15838.026794539,10186.269493300671,1115750485.751295,1147280298.7370446,1089455907.950132,1.1434016702105674e-05,4.0,880.0,Davis,0.004545454545454545,4.0
123,2022-04-03,3.3196982767793054e-05,33353.719015328374,37206.20586086778,28926.710170166465,1004721400.3944774,1025457847.9413208,987440674.309668,3.3196982767793054e-05,4.0,271.0,Davis,0.014760147601476014,4.0
124,2022-04-04,4.292394135153917e-05,46089.32359352752,54877.92005177995,38961.734586407765,1073743979.288026,1106951687.249191,1045839416.957929,4.292394135153917e-05,3.0,521.0,Davis,0.005758157389635317,3.0
125,2022-04-05,2.247354560353328e-05,22302.180104897318,26218.41731943129,17963.893040126386,992374790.2685626,1043440061.1690364,945501950.078989,2.247354560353328e-05,5.0,963.0,Davis,0.005192107995846314,5.0
126,2022-04-06,1.8660916361099144e-05,15909.653204040404,18233.789164790764,13083.616203174604,852565484.7907647,876019401.7893217,827605011.9480519,1.8660916361099144e-05,0.0,1147.0,Davis,0.0,0.0
127,2022-04-07,2.2790075960823478e-05,39852.64041290323,45078.07249892473,34293.483846390176,1748683965.8371737,1831968396.190477,1668739349.431644,2.2790075960823478e-05,9.0,1057.0,Davis,0.008514664143803218,9.0
128,2022-04-08,5.722576489086085e-05,36171.60567820398,40521.21000863165,28405.61944930282,632086014.8779018,646889875.2348022,616825358.0729182,5.722576489086085e-05,6.0,1279.0,Davis,0.004691164972634871,6.0
129,2022-04-09,1.933505412098477e-05,33214.63204224422,36686.41572013201,29607.168517491747,1717845310.09901,1800982525.1485147,1639682601.1881187,1.933505412098477e-05,6.0,1098.0,Davis,0.00546448087431694,6.0
130,2022-04-10,5.408571590546411e-05,37474.22960069447,42697.91920979819,32419.376373291023,692867404.5138887,728434624.5659735,656430013.0208335,5.408571590546411e-05,11.0,261.0,Davis,0.0421455938697318,11.0
131,2022-04-11,5.106815924073951e-05,44176.6769168254,48081.50700190476,40272.09811809525,865053245.9682541,909905676.6984128,821831984.761905,5.106815924073951e-05,4.0,601.0,Davis,0.0066555740432612314,4.0
132,2022-04-12,6.849716524521221e-05,75239.17038596493,80007.46385964914,70151.36247953218,1098427505.9649124,1114972387.8362572,1081688596.491228,6.849716524521221e-05,5.0,999.0,Davis,0.005005005005005005,5.0
133,2022-04-13,6.635154210766647e-05,78738.25799851197,88154.58151617921,67492.68841792861,1186683165.1138716,1254561840.870857,1116498649.3918211,6.635154210766647e-05,9.0,1352.0,Davis,0.006656804733727811,9.0
134,2022-04-14,0.000141322417028,95516.26980449753,104994.42812880156,88299.18743050002,675874866.9403913,692354715.537561,660947063.6595193,0.000141322417028,8.0,1079.0,Davis,0.0074142724745134385,8.0
135,2022-04-15,5.162840557991961e-05,137262.81060112832,143401.72661675332,131124.57275390625,2658668402.7777805,2737612847.2222247,2600712962.962963,5.162840557991961e-05,8.0,1295.0,Davis,0.006177606177606178,8.0
136,2022-04-16,3.6015387392458586e-05,51101.77539643791,58166.470878568034,44694.1904175333,1418887289.4683433,1512976866.8831172,1329639094.6293266,3.6015387392458586e-05,10.0,1181.0,Davis,0.00846740050804403,10.0
137,2022-04-17,0.0001546609600231,141191.3137202435,148207.52619799023,133796.31832719067,912908556.2323468,933733889.4773998,889815795.6685501,0.0001546609600231,0.0,,Davis,,0.0
138,2022-04-18,8.146520012445438e-05,96077.92184070798,103667.23388790562,88599.354100295,1179373790.2064898,1239222523.6578171,1127778161.6519177,8.146520012445438e-05,8.0,520.0,Davis,0.015384615384615385,8.0
139,2022-04-19,0.0001139335188563,144870.73595362317,152142.09071304346,137600.3652173913,1271537449.2753625,1304554744.115942,1243994140.7536232,0.0001139335188563,12.0,604.0,Davis,0.019867549668874173,12.0
140,2022-04-20,0.0001158648132681,212875.03498914733,224727.09244031008,199937.9844961241,1837270772.589148,1898753027.9689925,1777033975.0697677,0.0001158648132681,26.0,1684.0,Davis,0.015439429928741092,26.0
141,2022-04-21,9.070728001646016e-05,91971.0014502924,97371.99929824562,85614.03508771933,1013931863.3918128,1073957976.6081872,959076034.6198832,9.070728001646016e-05,5.0,1069.0,Davis,0.004677268475210477,5.0
142,2022-04-22,0.0001126454919066,98229.75517890773,108474.57627118644,86779.66101694915,872025622.297552,892326260.1883241,849717514.1242939,0.0001126454919066,13.0,1173.0,Davis,0.011082693947144074,13.0
143,2022-04-23,0.0001220326415599,166938.94620689654,176360.2618850575,157518.44165517244,1367986008.2758622,1406290269.4252875,1330978358.62069,0.0001220326415599,11.0,1157.0,Davis,0.00950734658599827,11.0
144,2022-04-24,6.854721768362459e-05,99239.90012738854,105741.5858683652,89656.06848407644,1447759711.9320598,1474498863.694268,1419957537.1549895,6.854721768362459e-05,9.0,253.0,Davis,0.03557312252964427,9.0
145,2022-04-25,8.07517989750762e-06,175656.99988177343,183474.12261412156,167619.04761904763,21752704225.94417,22836009337.27422,21455151889.65517,8.07517989750762e-06,8.0,513.0,Davis,0.015594541910331383,8.0
146,2022-04-26,4.408510952380335e-05,73059.22054125412,78902.99680528052,67590.75907590758,1657231235.9075909,1732850692.5412543,1591803481.980198,4.408510952380335e-05,8.0,1072.0,Davis,0.007462686567164179,8.0
147,2022-04-27,6.08518696461442e-05,95773.3775927602,106166.35052790349,84947.20965309202,1573877321.2669687,1597448417.4962292,1555161051.704374,6.08518696461442e-05,14.0,1294.0,Davis,0.010819165378670788,14.0
148,2022-04-28,5.718851707101103e-05,86577.44704873294,98002.09359844054,76101.36452241715,1513895646.939571,1559266873.7621832,1470117758.7524366,5.718851707101103e-05,13.0,1180.0,Davis,0.011016949152542373,13.0
149,2022-04-29,5.358643257422178e-05,92517.00819464722,99786.11332360096,84866.1800486618,1726500603.795621,1795715836.885645,1662614169.537713,5.358643257422178e-05,17.0,1318.0,Davis,0.012898330804248861,17.0
150,2022-04-30,0.0002015381260194,191217.0142315789,200678.84210526315,181894.73684210528,948788291.3684212,967043414.4561404,929171720.982456,0.0002015381260194,13.0,1017.0,Davis,0.012782694198623401,13.0
151,2022-05-01,0.0003339605833325,374430.19114975847,399507.0158067633,349963.6442898551,1121180791.4975843,1145509345.700483,1097584541.0628018,0.0003339605833325,5.0,150.0,Davis,0.03333333333333333,5.0
152,2022-05-02,0.0002599705514942,292593.3256533334,306628.97017904767,276723.8095238095,1125486421.3333335,1186469586.8952384,1072857514.6666667,0.0002599705514942,9.0,431.0,Davis,0.02088167053364269,9.0
153,2022-05-03,6.0044528530950095e-05,126944.84853648914,135122.5362051282,118658.77712031556,2114178454.595661,2143420819.5660756,2080223934.9901383,6.0044528530950095e-05,14.0,1078.0,Davis,0.012987012987012988,14.0
154,2022-05-04,0.000242989114022,194081.15619237145,205277.21042786067,182023.2172470978,798723666.9983416,817736350.7794361,782386812.6036484,0.000242989114022,17.0,1220.0,Davis,0.013934426229508197,17.0
155,2022-05-05,0.000145154080693,125168.23123252034,133081.72456585368,117759.66735609758,862312865.3008133,893108088.7154473,828588430.5691059,0.000145154080693,17.0,1041.0,Davis,0.01633045148895293,17.0
156,2022-05-06,0.0007546347026662,660604.4813426576,688393.7595524476,640745.9207459209,875396372.5874127,904463334.6386948,840891505.827506,0.0007546347026662,14.0,1094.0,Davis,0.012797074954296161,14.0
157,2022-05-07,0.000415516145815,329204.8064202212,378669.87136808847,266919.43127962085,792279216.4296999,814637252.4486573,772698752.606635,0.000415516145815,14.0,1358.0,Davis,0.010309278350515464,14.0
158,2022-05-08,0.000234172452058,231692.01498039212,246590.07200000004,213295.3195294118,989407647.8431371,1048925182.745098,933333333.3333334,0.000234172452058,6.0,165.0,Davis,0.03636363636363636,6.0
159,2022-05-09,0.0001887811259334,185527.5366111111,195109.4601111111,177777.7777777778,982765282.7777778,1014856126.6666667,948460133.8888888,0.0001887811259334,4.0,424.0,Davis,0.009433962264150943,4.0
160,2022-05-10,0.0002200875550135,374251.2077704195,392893.3722560706,352494.4812362031,1700465106.9315672,1753619748.8741724,1639723350.4635763,0.0002200875550135,6.0,676.0,Davis,0.008875739644970414,6.0
161,2022-05-11,0.0002055024108065,228665.2583529412,240816.17247058824,217254.90196078437,1112713264.3137257,1144465188.235294,1080508722.3529413,0.0002055024108065,43.0,1700.0,Davis,0.025294117647058825,43.0
162,2022-05-12,0.0005123790467107,539953.3572063493,562732.7571156464,507936.5079365081,1053816233.6507938,1105482479.455783,1008616780.0453516,0.0005123790467107,32.0,1363.0,Davis,0.02347762289068232,32.0
163,2022-05-13,0.0004325794695096,401066.6666666667,413866.6666666667,388266.6666666667,927151413.6380954,961059244.4952384,896000000.0000001,0.0004325794695096,24.0,1333.0,Davis,0.01800450112528132,24.0
164,2022-05-14,0.0003733181431537,275482.6199806763,301884.41623188404,247342.9951690821,737929899.826087,783051569.4685991,691284533.4879225,0.0003733181431537,30.0,1423.0,Davis,0.02108222066057625,30.0
165,2022-05-15,0.0002087151836857,178027.1027969925,187812.86255639096,168242.35653132835,852966706.3659148,876151927.819549,826065162.9072682,0.0002087151836857,5.0,245.0,Davis,0.02040816326530612,5.0
166,2022-05-16,0.0001459097238384,128700.24146588694,137262.87600779723,121013.64522417152,882053903.4697857,919649750.9551656,854580896.6861598,0.0001459097238384,7.0,406.0,Davis,0.017241379310344827,7.0
167,2022-05-17,0.0002855617247882,315494.96123076923,338018.7271111111,302222.22222222225,1104822298.8034186,1138779338.8034186,1073504273.5042737,0.0002855617247882,26.0,1131.0,Davis,0.022988505747126436,26.0
168,2022-05-18,0.0003087167649876,339555.004379798,370438.6701575758,312242.42424242425,1099891690.020202,1149215297.2929294,1050128827.4747477,0.0003087167649876,48.0,1519.0,Davis,0.031599736668861095,48.0
169,2022-05-19,0.0004476715190453,392763.4705354059,413464.98265975824,370846.28670120897,877347460.8635578,944425582.3143352,828472868.8082902,0.0004476715190453,31.0,1302.0,Davis,0.023809523809523808,31.0
170,2022-05-20,0.0004910371965937,543189.744541063,559895.0472141709,530756.8438003222,1106208955.877617,1143183483.6714978,1073205939.8389696,0.0004910371965937,19.0,1398.0,Davis,0.013590844062947067,19.0
171,2022-05-21,0.0002926897879714,160649.60555868546,167487.69221909237,153239.43661971833,548873285.5086073,566329951.0485133,530730733.2707355,0.0002926897879714,22.0,1094.0,Davis,0.02010968921389397,22.0
172,2022-05-22,0.0002440805868036,376159.86979894177,400772.1754920635,348537.42484656087,1541129815.8730164,1614875139.89418,1479697317.2486773,0.0002440805868036,17.0,446.0,Davis,0.03811659192825112,17.0
173,2022-05-23,0.0004511042497246,323263.18184397166,345210.55107328604,309408.9834515367,716604159.7730496,739813564.2931442,693936077.8439716,0.0004511042497246,11.0,407.0,Davis,0.02702702702702703,11.0
174,2022-05-24,0.0003137392101472,284456.2195889725,296698.0706967419,271879.6992481204,906664549.3734336,948800529.3233083,866165413.5338346,0.0003137392101472,18.0,1050.0,Davis,0.017142857142857144,18.0
175,2022-05-25,0.0003699284791666,364237.27179487183,379655.88693333336,346256.41025641025,984615384.6153848,1017435897.4358976,960000000.0,0.0003699284791666,40.0,1248.0,Davis,0.03205128205128205,40.0
176,2022-05-26,0.0004914859749272,469621.57542029,491996.3781449276,450434.7826086957,955513685.797102,1035117506.0869566,877735613.3333336,0.0004914859749272,25.0,1173.0,Davis,0.021312872975277068,25.0
177,2022-05-27,0.0005608796769532,417945.5601054614,434933.8222523541,398945.38606403023,745160820.1883241,777254001.6572506,717660746.3653486,0.0005608796769532,24.0,1426.0,Davis,0.016830294530154277,24.0
178,2022-05-28,0.0006584059965164,496774.4382831051,519359.989260274,460273.97260273976,754510804.7488586,774956913.2420092,730332466.0456622,0.0006584059965164,32.0,1249.0,Davis,0.025620496397117692,32.0
179,2022-05-29,0.000343735014965,180269.2857054264,196732.37174573643,163720.93023255817,524442602.17054266,563223564.8992249,488752536.0124032,0.000343735014965,15.0,240.0,Davis,0.0625,15.0
180,2022-05-30,0.0004464779876909,785739.268452174,863513.2720231884,708637.6811594204,1759861158.0289853,1943773777.6231885,1567889917.2173915,0.0004464779876909,0.0,4.0,Davis,0.0,0.0
181,2022-05-31,0.0002445037989003,227243.82428985508,240761.38371014496,215652.17391304352,929408153.6231884,968629344.9275362,894628286.9565219,0.0002445037989003,20.0,715.0,Davis,0.027972027972027972,20.0
182,2022-06-01,0.0009625053709664,384213.6636444444,404815.60604444455,359111.1111111112,399180799.6444445,422367458.8444445,380640380.8000001,0.0009625053709664,52.0,1579.0,Davis,0.032932235592146926,52.0
183,2022-06-02,0.0005985479206237,989550.2933333336,1035225.8600550966,934435.2617079891,1653251576.418733,1688283940.4958684,1615241101.0468323,0.0005985479206237,17.0,867.0,Davis,0.0196078431372549,17.0
184,2022-06-03,0.001234209390216,872218.6762485877,916789.3405649718,825310.734463277,706702349.8305085,726386911.8192092,685629013.8757064,0.001234209390216,20.0,1394.0,Davis,0.014347202295552367,20.0
185,2022-06-04,0.0005930422459092,553068.022191571,589870.2336245211,517394.63601532567,932594643.9846746,949424725.8237551,916760955.7088124,0.0005930422459092,23.0,1138.0,Davis,0.020210896309314587,23.0
186,2022-06-05,0.0004603858180865,360949.903419142,394975.1900726073,331617.16171617166,784016121.3465348,858472243.7491748,709094762.0330033,0.0004603858180865,8.0,325.0,Davis,0.024615384615384615,8.0
187,2022-06-06,0.0007932522926393,570886.6887260035,584722.0696684117,556788.8307155323,719678586.5270506,730963592.6003491,709974188.3420594,0.0007932522926393,10.0,414.0,Davis,0.024154589371980676,10.0
188,2022-06-07,0.0004793416100598,285904.9881980198,298956.6664554455,259600.67395379537,596453514.9834983,604168278.2838284,588175616.6336634,0.0004793416100598,11.0,755.0,Davis,0.01456953642384106,11.0
189,2022-06-08,0.0003921503066999,561468.0006442954,594219.3698791947,542639.8210290828,1431767337.8076067,1453243847.8747206,1417449664.4295306,0.0003921503066999,60.0,1393.0,Davis,0.043072505384063174,60.0
190,2022-06-09,0.0003921442916494,443430.1935446266,485489.0861347907,396357.0127504554,1130783242.2586522,1177413479.0528233,1078324225.8652096,0.0003921442916494,27.0,781.0,Davis,0.034571062740076826,27.0
191,2022-06-10,0.0005106772508057,366406.9705555556,384730.0476666667,348333.3333333333,717492251.6666669,750640445.5555556,677922100.5555557,0.0005106772508057,10.0,739.0,Davis,0.013531799729364006,10.0
192,2022-06-11,0.0005955690425197,269035.29899118165,322463.18194003537,217283.950617284,451728145.3262788,542416785.4955909,372428815.9717814,0.0005955690425197,36.0,637.0,Davis,0.0565149136577708,36.0
193,2022-06-12,0.0003689024232432,314968.8662196532,358558.0520693642,271290.9441233141,853799938.3429673,894034030.982659,817887745.9730251,0.0003689024232432,10.0,111.0,Davis,0.09009009009009009,10.0
194,2022-06-13,0.0005481557446195,393847.7762397004,421129.9196404495,374531.83520599257,718496121.0486891,736300465.0187267,701802343.0711612,0.0005481557446195,5.0,224.0,Davis,0.022321428571428572,5.0
195,2022-06-14,0.0006552755525641,605765.8441481482,645855.090962963,559407.4074074074,924444444.4444444,954074074.074074,894814814.8148149,0.0006552755525641,25.0,449.0,Davis,0.0556792873051225,25.0
196,2022-06-15,0.0006595019124454,372546.0824285714,400817.8710952381,342380.9523809524,564890071.4285715,591602289.0476191,538305300.952381,0.0006595019124454,29.0,652.0,Davis,0.04447852760736196,29.0
197,2022-06-16,0.000568068457459,284325.5458871795,311315.91794871795,265025.64102564106,500512820.5128205,521025641.0256411,475897435.8974359,0.000568068457459,36.0,545.0,Davis,0.06605504587155964,36.0
198,2022-06-17,0.0006894951647576,666232.2082539683,703325.1132275134,626837.6211640213,966260885.2204587,989169973.6155206,946944668.218695,0.0006894951647576,0.0,,Davis,,0.0
199,2022-06-18,0.0006607246629584,291042.7347733333,322894.3125333334,261866.6666666667,440490193.7066667,451809488.9066666,430819051.0933334,0.0006607246629584,36.0,913.0,Davis,0.03943044906900329,36.0
200,2022-06-19,0.0007636226526781,308495.33197010466,329485.5867503737,289865.4708520179,403989235.8983557,411684336.7414051,397421305.6860987,0.0007636226526781,31.0,530.0,Davis,0.05849056603773585,31.0
201,2022-06-20,0.0006004724758625,352984.93172222225,400038.0039444445,317222.22222222225,587845315.0,595722580.0000001,577923541.6666666,0.0006004724758625,0.0,,Davis,,0.0
202,2022-06-21,0.0007608996210549,941103.9807867494,1015792.1199171842,867908.9026915113,1236830660.372671,1327777541.6977224,1173367341.4492753,0.0007608996210549,0.0,,Davis,,0.0
203,2022-06-22,0.000604049614703,566638.9791452991,590527.5263589743,536068.3760683761,938066949.0598292,987811957.6068376,894207294.3589746,0.000604049614703,16.0,213.0,Davis,0.07511737089201878,16.0
204,2022-06-23,0.0013566704490345,1311717.660327869,1337938.096612022,1288160.29143898,966865358.6885248,991318199.489982,943051553.2240436,0.0013566704490345,42.0,816.0,Davis,0.051470588235294115,42.0
205,2022-06-24,0.0005872176413953,386608.3610334929,397115.89904944185,376140.350877193,658373205.741627,668580542.264753,643062200.9569379,0.0005872176413953,30.0,704.0,Davis,0.04261363636363636,30.0
206,2022-06-25,0.0009225014175182,770332.6122666668,821514.7184761906,719238.0952380954,835047619.0476192,883809523.8095239,786285714.2857144,0.0009225014175182,15.0,247.0,Davis,0.06072874493927125,15.0
207,2022-06-26,0.0011053278293173,836715.1863982102,874774.2246085012,793038.3191051455,756983732.9753916,800899387.5615214,718694727.1588368,0.0011053278293173,25.0,445.0,Davis,0.056179775280898875,25.0
208,2022-06-27,0.0006916874715607,619406.8061155557,662135.2132266668,583111.1111111112,895500976.3555557,921970486.0444448,870725206.0444446,0.0006916874715607,8.0,244.0,Davis,0.03278688524590164,8.0
209,2022-06-28,0.0009122662185936,805543.0687830688,836570.9415167548,778835.9788359788,883013151.6049384,912753441.4109348,851825930.7231041,0.0009122662185936,13.0,230.0,Davis,0.05652173913043478,13.0
210,2022-06-29,0.0007903193544716,711216.518095238,778901.6000000001,653968.253968254,899910288.2539682,953459240.0,850651041.9047619,0.0007903193544716,22.0,324.0,Davis,0.06790123456790123,22.0
211,2022-06-30,0.0007006316273005,723515.5147325103,761728.169218107,684773.6625514403,1032661796.213992,1075184059.9176955,991241580.90535,0.0007006316273005,47.0,1217.0,Davis,0.038619556285949055,47.0
212,2022-07-01,0.0005828018383728,418166.8236190477,429351.9035428572,406857.1428571429,717511160.888889,749223400.1269844,682887989.8412699,0.0005828018383728,10.0,560.0,Davis,0.017857142857142856,10.0
